personagem_id,nome,ator,qnt_episodios,primeira_aparicao,ultima_aparicao,sexo,id_casa
1,Tyrion Lannister,Peter Dinklage,67,2011,2019,m,236
2,Cersei Lannister,Lena Headey,62,2011,2019,f,236
3,Daenerys Targaryen,Emilia Clarke,62,2011,2019,f,393
4,Jon Snow,Kit Harington,62,2011,2019,m,376
5,Sansa Stark,Sophie Turner,59,2011,2019,f,376
6,Arya Stark,Maisie Williams,59,2011,2019,f,376
7,Jaime Lannister,Nikolaj Coster-Waldau,55,2011,2019,m,236
8,Jorah Mormont,Iain Glen,52,2011,2019,m,281
9,Samwell Tarly,John Bradley,48,2011,2019,m,394
10,Theon Greyjoy,Alfie Allen,47,2011,2019,m,176
11,Lord Varys,Conleth Hill,46,2011,2019,m,472
12,Davos Seaworth,Liam Cunningham,42,2012,2019,m,354
13,Brienne of Tarth,Gwendoline Christie,42,2012,2019,f,395
14,Petyr 'Littlefinger' Baelish,Aidan Gillen,41,2011,2017,m,11
15,Bran Stark,Isaac Hempstead Wright,40,2011,2019,m,376
16,Sandor 'The Hound' Clegane,Rory McCann,38,2011,2019,m,75
17,Missandei,Nathalie Emmanuel,38,2013,2019,f,472
18,Bronn,Jerome Flynn,37,2011,2019,m,472
19,Podrick Payne,Daniel Portman,35,2012,2019,m,305
20,Grey Worm,Jacob Anderson,34,2013,2019,m,472
21,Eddison Tollett,Ben Crompton,34,2012,2019,m,403
22,Tormund Giantsbane,Kristofer Hivju,33,2013,2019,m,473
23,Grand Maester Pycelle,Julian Glover,31,2011,2016,m,472
24,Melisandre,Carice van Houten,29,2012,2019,f,472
25,Tywin Lannister,Charles Dance,27,2011,2015,m,236
26,Gilly,Hannah Murray,27,2012,2019,f,472
27,Margaery Tyrell,Natalie Dormer,26,2012,2016,f,412
28,Joffrey Baratheon,Jack Gleeson,26,2011,2014,m,17
29,Catelyn Stark,Michelle Fairley,26,2011,2016,f,376
30,Barristan Selmy,Ian McElhinney,25,2011,2015,m,355
31,Stannis Baratheon,Stephen Dillane,24,2012,2015,m,18
32,Gendry,Joe Dempsie,24,2011,2019,m,17
33,Hodor,Kristian Nairn,23,2011,2016,m,472
34,Qyburn,Anton Lesser,22,2013,2019,m,472
35,Grenn,Mark Stanley,22,2011,2014,m,472
36,Robb Stark,Richard Madden,22,2011,2016,m,376
37,Loras Tyrell,Finn Jones,21,2011,2016,m,413
38,Shae,Sibel Kekilli,20,2011,2014,f,472
39,Ramsay Bolton,Iwan Rheon,20,2013,2016,m,37
40,Roose Bolton,Michael McElhatton,20,2012,2016,m,37
41,Alliser Thorne,Owen Teale,19,2011,2016,m,401
42,Daario Naharis,Michiel Huisman,18,2014,2016,m,472
43,Olenna Tyrell,Diana Rigg,18,2013,2017,f,413
44,Tommen Baratheon,Dean-Charles Chapman,18,2013,2016,m,18
45,Ygritte,Rose Leslie,17,2012,2014,f,473
46,Jaqen H'ghar,Tom Wlaschiha,17,2012,2016,m,472
47,Gregor 'The Mountain' Clegane,Hafþór Júlíus Björnsson,17,2014,2019,m,75
48,Olly,Brenock O'Connor,17,2014,2016,m,472
49,Meryn Trant,Ian Beattie,17,2011,2015,m,408
50,Osha,Natalia Tena,16,2011,2016,f,473
51,Yara Greyjoy,Gemma Whelan,16,2012,2019,f,175
52,Meera Reed,Ellie Kendrick,16,2013,2017,f,331
53,Wun Wun,Ian Whyte,16,2011,2019,m,473
54,Lancel Lannister,Eugene Simon,16,2011,2016,m,236
55,Janos Slynt,Dominic Carter,15,2011,2015,m,368
56,Maester Luwin,Donald Sumpter,14,2011,2012,m,472
57,Ros,Esmé Bianco,14,2011,2013,f,472
58,Rickon Stark,Art Parkinson,14,2011,2016,m,376
59,Othell Yarwyck,Brian Fortune,14,2011,2016,m,460
60,Ellaria Sand,Indira Varma,13,2014,2017,f,415
61,Rodrik Cassel,Ron Donachie,13,2011,2012,m,64
62,Beric Dondarrion,Richard Dormer,13,2013,2019,m,107
63,Mace Tyrell,Roger Ashton-Griffiths,13,2014,2016,m,412
64,Yohn Royce,Rupert Vansittart,13,2014,2019,m,341
65,Pypar,Josef Altin,13,2011,2014,m,472
66,Irri,Amrita Acharia,13,2011,2012,f,474
67,High Sparrow,Jonathan Pryce,12,2015,2016,m,472
68,Jeor Mormont,James Cosmo,12,2011,2013,m,281
69,Maester Wolkan,Richard Rycroft,12,2016,2019,m,472
70,Kevan Lannister,Ian Gelder,12,2011,2016,m,236
71,Rast,Luke Barnes,12,2011,2014,m,472
72,Hot Pie,Ben Hawkey,12,2011,2017,m,472
73,Talisa Stark,Oona Chaplin,11,2012,2013,f,376
74,Maester Aemon,Peter Vaughan,11,2011,2015,m,393
75,The Waif,Faye Marsay,11,2015,2016,f,472
76,Doreah,Roxanne McKee,11,2011,2012,f,472
77,Qhono,Staz Nair,11,2016,2019,m,474
78,Eddard 'Ned' Stark,Sean Bean,10,2011,2011,m,376
79,Thoros of Myr,Paul Kaye,10,2013,2017,m,472
80,Selyse Baratheon,Tara Fitzgerald,10,2013,2015,f,17
81,Jojen Reed,Thomas Brodie-Sangster,10,2013,2014,m,331
82,Shireen Baratheon,Kerry Ingram,10,2013,2015,f,17
83,Bowen Marsh,Michael Condron,10,2015,2016,m,268
84,Khal Drogo,Jason Momoa,10,2011,2012,m,474
85,Euron Greyjoy,Pilou Asbæk,9,2016,2019,m,176
86,Edmure Tully,Tobias Menzies,9,2013,2019,m,410
87,Tyene Sand,Rosabell Laurenti Sellers,9,2015,2017,f,269
88,Lyanna Mormont,Bella Ramsey,9,2016,2019,f,281
89,Robin Arryn,Lino Facioli,9,2011,2019,m,7
90,Renly Baratheon,Gethin Anthony,8,2011,2012,m,17
91,Locke,Noah Taylor,8,2013,2014,m,247
92,Obara Sand,Keisha Castle-Hughes,8,2015,2017,f,269
93,Hizdahr zo Loraq,Joel Fry,8,2014,2015,m,472
94,Nymeria Sand,Jessica Henwick,8,2015,2017,f,269
95,Septa Unella,Hannah Waddingham,8,2015,2016,f,472
96,Myranda,Charlotte Hope,8,2013,2016,f,472
97,Kovarro,Steven Cole,8,2012,2012,m,474
98,Tommen Baratheon,Callum Wharry,8,2011,2012,m,17
99,Myrcella Baratheon,Aimee Richardson,8,2011,2012,f,17
100,Marei,Josephine Gillan,8,2012,2019,f,472
101,Robert Baratheon,Mark Addy,7,2011,2011,m,17
102,Oberyn Martell,Pedro Pascal,7,2014,2014,m,269
103,Yoren,Francis Magee,7,2011,2012,m,472
104,Brynden 'Blackfish' Tully,Clive Russell,7,2013,2016,m,410
105,Olyvar,Will Tudor,7,2013,2015,m,472
106,Rakharo,Elyes Gabel,7,2011,2012,m,472
107,Bernadette,Sara Dylan,7,2012,2017,f,472
108,Walder Frey,David Bradley,6,2011,2017,m,148
109,Benjen Stark,Joseph Mawle,6,2011,2017,m,376
110,Orell,Mackenzie Crook,6,2013,2013,m,472
111,Areo Hotah,Deobia Oparei,6,2015,2016,m,472
112,Septa Mordane,Susan Brown,6,2011,2011,f,472
113,Black Walder Rivers,Tim Plester,6,2013,2016,m,470
114,Qotho,Dar Salim,6,2011,2011,m,474
115,Dontos Hollard,Tony Way,6,2012,2014,m,205
116,Myrcella Baratheon,Nell Tiger Free,6,2015,2016,f,17
117,Anguy,Philip McGinley,6,2013,2013,m,472
118,High Septon,Paul Bentley,6,2013,2015,m,472
119,Alys Karstark,Megan Parkinson,6,2016,2019,f,222
120,Night's Watch Officer,Dennis McKeever,6,2011,2013,m,472
121,Viserys Targaryen,Harry Lloyd,5,2011,2011,m,393
122,Jory Cassel,Jamie Sives,5,2011,2011,m,64
123,Lysa Arryn,Kate Dickie,5,2011,2014,f,7
124,Mance Rayder,Ciarán Hinds,5,2013,2015,m,472
125,Craster,Robert Pugh,5,2012,2013,m,472
126,Doran Martell,Alexander Siddig,5,2015,2016,m,269
127,Xaro Xhoan Daxos,Nonso Anozie,5,2012,2012,m,394
128,Randyll Tarly,James Faulkner,5,2016,2017,m,394
129,Robett Glover,Tim McInnerny,5,2016,2017,m,155
130,Rickard Karstark,John Stahl,5,2012,2013,m,222
131,Dagmer Cleftjaw,Ralph Ineson,5,2012,2012,m,472
132,Walda Bolton,Elizabeth Webster,5,2014,2016,f,38
133,Trystane Martell,Toby Sebastian,5,2015,2016,m,269
134,The Night King,Vladimir 'Furdo' Furdik,5,2016,2019,m,472
135,Archmaester Ebrose,Jim Broadbent,4,2017,2017,m,472
136,Tycho Nestoris,Mark Gatiss,4,2014,2017,m,472
137,Balon Greyjoy,Patrick Malahide,4,2012,2016,m,175
138,Pyat Pree,Ian Hanmore,4,2012,2012,m,472
139,Styr,Yuri Kolokolnikov,4,2014,2014,m,473
140,Yezzan zo Qaggaz,Enzo Cilenti,4,2015,2016,m,472
141,Karl Tanner,Burn Gorman,4,2013,2014,m,472
142,Ilyn Payne,Wilko Johnson,4,2011,2012,m,305
143,Marillion,Emun Elliott,4,2011,2011,m,472
144,Dickon Tarly,Tom Hopper,4,2017,2017,m,394
145,Qhorin Halfhand,Simon Armstrong,4,2012,2012,m,472
146,Lothar Frey,Daniel Tuite,4,2016,2016,m,148
147,Rorge,Andy Beckwith,4,2012,2014,m,472
148,Lommy Greenhands,Eros Vlahos,4,2011,2012,m,472
149,Matthos Seaworth,Kerr Logan,4,2012,2012,m,354
150,Armeca,Sahara Knite,4,2011,2012,m,472
151,Royal Steward,Robert Sterne,4,2011,2011,m,472
152,Black Lorren,Forbes KB,4,2012,2012,m,472
153,Amory Lorch,Fintan McKeown,4,2012,2012,m,253
154,Biter,Gerard Jordan,4,2012,2014,m,472
155,Young Ned,Robert Aramayo,4,2016,2017,m,376
156,Baby Sam,William Nevan Wilson,4,2016,2017,m,472
157,Baby Sam,James Robert Wilson,4,2016,2017,m,472
158,Timett,Tobias Winter,4,2011,2012,m,472
159,Steelshanks Walton,Jamie Michie,4,2013,2013,m,472
160,Izembaro,Richard E. Grant,3,2016,2016,m,472
161,Lady Crane,Essie Davis,3,2016,2016,f,91
162,Spice King,Nicholas Blane,3,2012,2012,m,472
163,Three-Eyed Raven,Max von Sydow,3,2016,2016,m,472
164,Syrio Forel,Miltos Yerolemou,3,2011,2011,m,472
165,Harrag,Brendan Cowell,3,2017,2017,m,203
166,Salladhor Saan,Lucian Msamati,3,2012,2014,m,472
167,Daario Naharis,Ed Skrein,3,2013,2013,m,472
168,Greatjon Umber,Clive Mantle,3,2011,2011,m,416
169,Camello,Kevin Eldon,3,2016,2017,m,472
170,Harald Karstark,Paul Rattray,3,2016,2016,m,222
171,Giant Wight #2,Neil Fingleton,3,2014,2017,m,472
172,Leaf,Kae Alexander,4,2016,2016,f,472
173,Bobono,Leigh Gill,3,2016,2016,m,472
174,Razdal mo Eraz,George Georgiou,3,2013,2016,m,472
175,Lhara,Sarine Sofair,3,2014,2015,f,472
176,Clarenzo,Rob Callender,3,2016,2016,m,472
177,Thenn Warg,Joseph Gatt,3,2014,2014,m,472
178,Mirri Maz Duur,Mia Soteriou,3,2011,2011,f,474
179,Polliver,Andy Kellegher,3,2012,2014,m,472
180,Alton Lannister,Karl Davies,3,2012,2012,m,236
181,Khal Moro,Joseph Naufahu,3,2016,2016,m,474
182,Ned Umber,Harry Grasby,3,2017,2019,m,416
183,Kraznys mo Nakloz,Dan Hildebrand,3,2013,2013,m,472
184,Mossador,Reece Noi,3,2014,2015,m,472
185,White Walker,Ross Mullan,3,2012,2014,m,472
186,Rattleshirt,Edward Dogliani,3,2012,2013,m,472
187,Vala,Meena Rayann,3,2015,2016,f,472
188,Daisy,Maisie Dee,3,2012,2012,f,472
189,Bathhouse Prostitute,Samantha Bentley,3,2014,2015,f,472
190,Silk King,Slavko Juraga,3,2012,2012,m,472
191,Dothraki Bloodrider #1,Diogo Sales,3,2016,2016,m,474
192,Musician #1,Nanna Bryndís Hilmarsdóttir,3,2016,2016,f,472
193,Dothraki Bloodrider #2,Junade Khan,3,2016,2016,m,474
194,Musician #2,Ragnar Þórhallsson,3,2016,2016,m,472
195,Musician #3,Arnar Rosenkranz Hilmarsson,3,2016,2016,m,472
196,Musician #4,Brynjar Leifsson,3,2016,2016,m,472
197,Loyal Night's Watchman #2,Robert Fawsitt,3,2016,2016,f,472
198,Musician #5,Kristján Kristjánsson,3,2016,2016,m,472
199,King's Landing Whore,Xena Avramidis,3,2014,2015,f,472
200,Dothraki Woman Having Sex,Portia-Valis Volkova,3,2015,2016,m,474
201,Aggo,Chuku Modu,3,2016,2016,m,472
202,Frances,Annette Hannah,3,2016,2017,m,472
203,Brothel Patron #5,Derek Dubery,3,2015,2019,m,472
204,Hallyne,Roy Dotrice,2,2012,2012,m,472
205,Harry Strickland,Marc Rissmann,2,2019,2019,m,382
206,Illyrio Mopatis,Roger Allam,2,2011,2011,m,472
207,Lem Lemoncloak,Jóhannes Haukur Jóhannesson,2,2016,2016,m,472
208,Smalljon Umber,Dean Jagger,2,2016,2016,m,416
209,Martha,Bronte Carmichael,2,2019,2019,f,472
210,Mord,Ciaran Bermingham,2,2011,2011,m,472
211,Aeron Greyjoy,Michael Feast,2,2016,2016,m,176
212,Dim Dalba,Murray McArthur,2,2015,2016,m,473
213,Belicho Paenymion,Eddie Jackson,2,2016,2016,m,472
214,Fergus,Seamus O'Hara,2,2019,2019,m,472
215,Gatins,Ricky Champ,2,2016,2016,m,472
216,Teela,Bea Glancy,2,2019,2019,f,472
217,Old Nan,Margaret John,2,2011,2011,f,472
218,The Night King,Richard Brake,3,2014,2016,m,472
219,Morgan,Ian Davies,2,2016,2016,m,472
220,Woman with Elderly Parents,Lucy McConnell,2,2019,2019,f,472
221,Gregor 'The Mountain' Clegane,Conan Stevens,2,2011,2011,m,75
222,Malko,Adewale Akinnuoye-Agbaje,2,2015,2015,m,472
223,Thin Man,Oengus MacNamara,2,2015,2015,m,472
224,Lothar Frey,Tom Brooke,2,2013,2013,m,148
225,Bianca,Eline Powell,2,2016,2016,f,472
226,Vardis Egen,Brendan McCormack,2,2011,2011,m,118
227,Shagga,Mark Lewis Jones,2,2011,2011,m,472
228,Quaithe,Laura Pradelska,2,2012,2012,f,472
229,Margaery Tyrell Mummer,Eva Butterly,2,2016,2016,f,413
230,Old Woman,Stella McCusker,2,2015,2015,f,472
231,Baby Sam,Logan Watson,2,2019,2019,m,472
232,Hugh of the Vale,Jefferson Hall,2,2011,2011,m,271
233,Morag,Deirdre Monaghan,2,2014,2014,m,472
234,Todder,Will O'Connell,2,2013,2015,m,472
235,Johnna,Ali Lyons,2,2015,2015,m,472
236,Willa,Karla Lyons,2,2015,2015,f,472
237,Lady Kitty Frey,Lucy Hayes,2,2016,2017,f,148
238,Baby Sam,Finn Watson,2,2019,2019,f,472
239,Lyanna Stark,Aisling Franciosi,2,2016,2017,f,376
240,Village Woman,Eileen McCloskey,2,2019,2019,f,472
241,Farlen,Peter Ballance,2,2012,2012,m,472
242,Donnel Waynwood,Alisdair Simpson,2,2014,2014,m,433
243,Drennan,David Coakley,2,2012,2012,m,472
244,Sissy,Jane McGrath,2,2014,2014,f,472
245,Dosh khaleen High Priestess,Souad Faress,2,2016,2016,f,472
246,Zanrush,Gerald Lepkowski,2,2016,2016,m,472
247,King's Landing Whore,Emily Diamond,2,2011,2011,m,472
248,Ornela,Hannah John-Kamen,2,2016,2016,f,472
249,Young Nan,Annette Tierney,2,2016,2016,m,472
250,Kurleket,Kevin Keenan,2,2011,2011,f,472
251,Winterfell Shepherd,Donagh Deeney,2,2012,2012,m,362
252,The Tickler,Anthony Morris,2,2012,2012,m,472
253,Ghita,Hattie Gotobed,2,2015,2015,f,472
254,Wyllis,Sam Coleman,2,2016,2016,m,472
255,Morgan,Chris Reilly,2,2012,2014,m,472
256,Greizhen mo Ullhor,Cliff Barry,2,2013,2013,m,472
257,Mole's Town Whore,Lois Winstone,2,2014,2014,m,472
258,Willis Wode,Ryan McKenna,2,2011,2011,m,448
259,Jacks,Paul Caddell,2,2012,2012,m,472
260,Goldcloak,Sam Callis,2,2012,2012,m,472
261,King's Landing Rioter #1,Reg Wayment,2,2012,2012,m,472
262,Ternesio Terys,Gary Oliver,2,2014,2015,m,472
263,Moro's Wife #2,Fola Evans-Akingbola,2,2016,2016,m,472
264,Master Torturer,Michael Shelford,2,2013,2013,m,472
265,Great Master #1,Emilio Doorgasingh,2,2014,2014,m,472
266,Young Ned Stark,Sebastian Croft,2,2016,2016,m,376
267,Young Rodrik Cassel,Fergus Leathem,2,2016,2016,m,64
268,Mhaegen,Antonia Christophers,2,2011,2012,f,472
269,nan,Will Fortune,2,2014,2015,f,472
270,Mole's Town Madam,Lu Corfield,2,2014,2014,f,472
271,Lannister Captain,Aiden Condron,2,2012,2012,m,236
272,Quent,Aidan Crowe,2,2012,2012,m,472
273,Young Benjen Stark,Matteo Elezi,2,2016,2016,m,376
274,Dothraki Widow #1,Angelique Fernandez,2,2016,2016,m,474
275,Stark Guard,David Sheehan,2,2012,2012,m,376
276,Mummer #2,Glen Barry,2,2016,2016,m,472
277,Kayla,Pixie Le Knot,2,2013,2014,f,472
278,Manservant,Conor Watters,2,2014,2014,f,472
279,Mummer #3,Brendan O'Rourke,2,2016,2016,f,472
280,Tobho Mott,Andrew Wilde,2,2011,2012,m,472
281,Mummer #4,Ross Anderson-Doherty,2,2016,2016,m,472
282,Night's Watchman #1,Michael Hayes,2,2016,2016,m,472
283,Dothraki Widow #2,Wuese Houston-Jibo,2,2016,2016,f,474
284,Willem Lannister,Timothy Gibbons,2,2013,2013,m,236
285,Baratheon Soldier #2,Jason McLaughlin,2,2015,2015,m,472
286,Loyal Night's Watchman #1,Steve Cash,2,2016,2016,m,472
287,Night's Watchman #2,Tony Flynn,2,2016,2016,m,472
288,Night's Watchman,Michael Hooley,2,2016,2016,m,472
289,The Mother,Em Scribbler,2,2015,2015,f,472
290,Male Prostitute,Dennis Stokes,2,2012,2012,m,472
291,The Maiden,Rebecca Scott,2,2015,2015,f,472
292,The Crone,Rosie Ruthless,2,2015,2015,f,472
293,Arthur,Nathanael Saleh,2,2016,2016,m,103
294,Little Bird #4,Jesse Magee,2,2016,2016,m,472
295,Little Bird #3,Michael Nevin,2,2016,2016,m,472
296,Little Bird #6,Lucy Gallagher,2,2016,2016,f,472
297,Little Bird #5,Iona Clarke,2,2016,2016,f,472
298,Little Bird #7,Fionn Kernan,2,2016,2016,m,472
299,Three-Eyed Raven,Struan Rodger,2,2014,2014,m,472
300,Joyeuse Frey,Kelly Long,2,2011,2013,f,148
301,Tyrell Lady,Sophie Reid,2,2013,2013,f,412
302,Tommy,Tommy Dunne,2,2011,2014,m,472
303,Leo Lefford,Vinnie McCabe,2,2011,2011,m,242
304,Ironborn #2,Robert Render,2,2011,2016,m,472
305,Brother Ray,Ian McShane,1,2016,2016,m,472
306,Nora,Laura Elphinstone,1,2019,2019,f,472
307,Xela,Alexis Raben,1,2019,2019,f,472
308,Lannister Soldier,Matthew Wolf,1,2019,2019,m,472
309,Karsi,Birgitte Hjort Sørensen,1,2015,2015,f,473
310,Nora's Daughter,Tipper Seifert-Cleveland,1,2019,2019,f,472
311,Singing Lannister Soldier,Stephen Swift,1,2012,2012,m,472
312,Northern Sentry,Frank Blake,1,2019,2019,m,472
313,Dying Man,Barry McGovern,1,2014,2014,m,472
314,Loboda,Zachary Baharov,1,2015,2015,m,472
315,Lannister Soldier,Ryan McKen,1,2019,2019,m,472
316,Stark Soldier,Danny Kirrane,1,2017,2017,m,472
317,Unsullied Captain,Gabriel Akuwudike,1,2019,2019,m,472
318,Lannister Soldier,Owen Whitelaw,1,2019,2019,m,472
319,Imry Florent,Gordon Mahon,1,2012,2012,m,139
320,Captain of the Bolton Archers,Rory Mullen,1,2016,2016,m,37
321,Koner,Joseph Quinn,1,2017,2017,m,472
322,Ironborn Lord,Noel Harron,1,2019,2019,m,472
323,Young Woman,Rori Hawthorn,1,2019,2019,f,472
324,Mandon Moore,James Doran,1,2012,2012,m,278
325,Bolton General,Mark Tankersley,1,2016,2016,m,37
326,Northerner in Alley,Oliver Devoti,1,2019,2019,m,472
327,Dornish Prince,Toby Osmond,1,2019,2019,m,269
328,Jhiqui,Sarita Piotrowski,1,2011,2011,f,474
329,Baratheon Officer,Kieran Cunningham,1,2012,2012,m,472
330,Northman Rider,David Birkbeck,1,2016,2016,m,472
331,Melessa Tarly,Samantha Spiro,1,2016,2016,f,394
332,Winterfell Local,Breige Roche,1,2017,2017,f,472
333,Riverlands Lord,Andrew Bicknell,1,2019,2019,m,472
334,Lannister Soldier,Jim Tighe,1,2019,2019,m,472
335,Will,Bronson Webb,1,2011,2011,m,472
336,Captain of the Archers,Michael Grennell,1,2012,2012,m,472
337,Lord of Bones,Ross O'Hennessy,1,2015,2015,m,472
338,Northman Archer,Paul Garrett,1,2016,2016,m,472
339,Stark Soldier,Eamonn Keenan,1,2017,2017,m,472
340,Lord Une,Michael Benbaruk,1,2019,2019,m,472
341,Mycah,Rhodri Hosking,1,2011,2011,m,472
342,Jon Arryn,John Standing,1,2011,2011,m,7
343,Mero,Mark Killeen,1,2013,2013,m,472
344,Vale Lord,Frank Jakeman,1,2019,2019,m,7
345,Lannister Soldier,Luke McQuillan,1,2019,2019,m,472
346,Waymar Royce,Rob Ostlere,1,2011,2011,m,341
347,Prendahl na Ghezn,Ramon Tikaram,1,2013,2013,m,472
348,Goatherd,Philip Arditti,1,2014,2014,m,472
349,Northern Lord,Niall Bishop,1,2019,2019,m,472
350,King's Landing Citizen,Nicky Harley,1,2019,2019,m,472
351,Gared,Dermot Keaney,1,2011,2011,m,472
352,Catspaw Assassin,Lalor Roddy,1,2011,2011,m,472
353,Maester Cressen,Oliver Ford Davies,1,2012,2012,m,472
354,Septon,Kenneth Hadley,1,2013,2013,m,472
355,First Mate,Rhodri Miles,1,2014,2014,m,472
356,Citadel Maester,Julian Firth,1,2017,2017,m,472
357,Wight at Table,Javier Botet,1,2019,2019,m,472
358,King's Landing Citizen,Hayley McQuillan,1,2019,2019,m,472
359,Crying Man,Pádraig O'Grady,1,2019,2019,m,472
360,Lannister Guard,Conor Delaney,1,2011,2011,m,472
361,Maggy,Jodhi May,1,2015,2015,f,472
362,The Waif's Disguise,Margaret Jackman,1,2016,2016,f,472
363,Citadel Maester,Philip O'Sullivan,1,2017,2017,m,472
364,Lannister Soldier,Adam Devereux,1,2019,2019,m,472
365,Lannister,Eoin Duffy,1,2019,2019,m,236
366,Roslin Frey,Alexandra Dowling,1,2013,2013,f,148
367,Anya Waynwood,Paola Dionisotti,1,2014,2014,f,433
368,Bathhouse Prostitute,Samantha McEwan,1,2014,2014,f,472
369,Braavosi Captain,Morgan C. Jones,1,2015,2015,m,472
370,Ironborn #1,Darrell D'Silva,1,2016,2016,m,472
371,Westerosi Trader,Kevin Horsham,1,2016,2016,m,472
372,Street Red Priestess Meereen,Melanie Liburd,1,2016,2016,f,472
373,Goldcloak,Laurence Spellman,1,2017,2017,m,472
374,nan,Conor Maguire,1,2019,2019,m,472
375,Lannister Soldier,Thomas Martin,1,2019,2019,m,472
376,Willa,Alice Nokes,1,2019,2019,f,472
377,nan,Shane Whisker,1,2019,2019,f,472
378,Old Man,Sean Buckley,1,2013,2013,m,472
379,Yunkai'i Whore,Talitha Luke-Eardley,1,2013,2013,f,472
380,Ironborn in Skiff,Michael Hough,1,2014,2014,m,472
381,Black Armored White Walker,Tim Loane,1,2015,2015,m,472
382,Slaver,Michael Yare,1,2015,2015,m,472
383,Bear Island Maester,Louis Rolston,1,2016,2016,m,472
384,Rhaegar Targaryen,Wilf Scolding,1,2017,2017,m,393
385,Fergus' Friend,Thomas Finnegan,1,2019,2019,m,472
386,Sarra,Danielle Galligan,1,2019,2019,f,148
387,Lannister Soldier,Brian Patrick Kennedy,1,2019,2019,m,472
388,Villager 1,Lorcan Strain,1,2019,2019,f,472
389,Wine Merchant,Simon Lowe,1,2011,2011,m,472
390,Frey Guard,A.J. Kennedy,1,2013,2013,m,472
391,Prisoner,Marko Jelic,1,2014,2014,m,472
392,Great Master #1,Gianpiero Cognoli,1,2015,2015,m,472
393,Joss,James McKenzie Robinson,1,2015,2015,m,472
394,Volantene Whore #1,Katie Alexander Thom,1,2016,2016,f,472
395,High Septon Maynard,Tom Chadbon,1,2017,2017,m,472
396,King's Landing Citizen,Luna Kalo,1,2019,2019,f,472
397,Winterfell Girl,Emer McDaid,1,2019,2019,f,472
398,nan,Ella-Rose Sands,1,2019,2019,f,472
399,Pentoshi Servant,Rania Zouari,1,2011,2011,f,472
400,High Septon,David Verrey,1,2012,2012,m,472
401,Merry Frey,Grace Hendy,1,2013,2013,f,148
402,Bolton Guard,Anthony Boyle,1,2014,2014,m,472
403,Ralf Kenning,Grahame Fox,1,2014,2014,m,225
404,Pit Announcer,Nicholas Boulton,1,2015,2015,m,472
405,Street Red Priestess Volantis,Rila Fukushima,1,2015,2015,f,472
406,Winter Town Man,Raymond Keane,1,2015,2015,m,472
407,Northman Rioter,Jed Murray,1,2016,2016,m,472
408,Tully Bannerman,Sam Redford,1,2016,2016,m,472
409,Aerys Targaryen,David Rintoul,1,2016,2016,m,393
410,Crayah,Lucy Aarden,1,2019,2019,f,472
411,King's Landing Citizen,Caitlin Pharro,1,2019,2019,f,472
412,Varly,Graham Charles,1,2011,2011,f,376
413,Goldcloak,Alan Paris,1,2011,2011,m,472
414,Hog Farmer,Pat McGrath,1,2013,2013,m,472
415,Elder Meereen Slave,Philip Philmar,1,2014,2014,m,472
416,Great Master #2,Bobby Asghar,1,2015,2015,m,472
417,Wildling Rioter,Michael Patrick,1,2016,2016,m,473
418,Dickon Tarly,Freddie Stroma,1,2016,2016,m,394
419,Crossroads Inn Patron,Ben Fox,1,2017,2017,m,472
420,Stark Soldier,Luke Wilson Hanley,1,2017,2017,m,376
421,Lannister General,Guy Oliver-Watts,1,2017,2017,m,237
422,Lannister Soldier,Ed Sheeran,1,2017,2017,m,237
423,Littlefinger' Winterfell Spy,Adele Smyth-Kennedy,1,2017,2017,f,472
424,Northman,Robbie Beggs,1,2019,2019,m,472
425,Dirah,Marina Lawrence-Mahrra,1,2019,2019,f,472
426,King's Landing Citizen,Louis McCartney,1,2019,2019,m,472
427,nan,Fionnuala Murphy,1,2019,2019,f,472
428,White Walker #2,Spencer Wilding,1,2011,2011,m,472
429,Lannister Guard,Sam Mackay,1,2012,2012,m,237
430,Drowned Priest,Jonathan Ryan,1,2012,2012,m,472
431,Theon's Master of Hounds,Steve Wilson,1,2012,2012,m,472
432,Fennesz,Trevor Allan Davies,1,2014,2014,m,472
433,Tansy,Jazzy De Lisser,1,2014,2014,f,38
434,Goatherd's Son,Gian Sanghera-Warren,1,2014,2014,m,472
435,Braavosi Madam,Lacy Moore,1,2015,2015,f,472
436,Merchant Captain,Gary Pillai,1,2015,2015,m,472
437,Great Master #3,Peter Silverleaf,1,2015,2015,m,472
438,Talla Tarly,Rebecca Benson,1,2016,2016,f,394
439,King's Landing Boaster,Dylan Edwards,1,2016,2016,m,472
440,Lannister Soldier,Matt Faris,1,2016,2016,m,236
441,Ash,Yousef 'Joe' Sweid,1,2016,2016,m,472
442,Crossroads Inn Patron,Mark Roper,1,2017,2017,m,472
443,Lannister Soldier,Thomas Turgoose,1,2017,2017,m,236
444,Teela,Rosa Frazer,1,2019,2019,f,472
445,King's Landing Citizen,Rosie McClelland,1,2019,2019,f,472
446,nan,Roma Tomelty,1,2019,2019,f,472
447,Dothraki Crone,Amira Ghazalla,1,2011,2011,f,474
448,Jaremy Rykker,Jeffrey O'Brien,1,2011,2011,m,472
449,Wight Wildling Girl,Claire Wright,2,2011,2014,f,473
450,Captain's Daughter,Amy Dawson,1,2012,2012,f,472
451,Rennick,David Fynn,1,2012,2012,m,472
452,Wendel Manderly,Oddie Braddell,1,2013,2013,m,263
453,nan,Mackenzie Dean,1,2014,2014,m,472
454,Adrack Humble,Jody Halse,1,2014,2014,m,212
455,Morgan's Friend,Stuart Martin,1,2014,2014,m,472
456,Young Braavosi,Jack Hickey,1,2015,2015,m,472
457,Great Master #4,Davor Jozinovic,1,2015,2015,m,472
458,Lead Dornish Guard,Christian Vit,1,2015,2015,m,472
459,Moro's Wife #1,Rubi Ali,1,2016,2016,f,472
460,Kesh,Michael Heath,1,2016,2016,m,472
461,Ironborn at Brothel,Neil Keery,1,2016,2016,m,472
462,Riddell,Ross McKinney,1,2016,2016,m,472
463,Lannister Soldier,Billy Postlethwaite,1,2017,2017,m,472
464,nan,Claire Connor,1,2019,2019,f,472
465,King's Landing Citizen,Isaac Heslip,1,2019,2019,m,472
466,Joss,Niall Cusack,1,2011,2011,m,472
467,Drunk Patron,Paul Portelli,1,2011,2011,m,472
468,Torrhen Karstark,Tyrone McElhennon,1,2012,2012,m,222
469,Drummer,Will Champion,1,2013,2013,m,472
470,Great Master #5,Ivan Peric,1,2015,2015,m,472
471,Kinvara,Ania Bukstein,1,2016,2016,f,472
472,Steve,Steve Love,1,2016,2016,m,472
473,Volantene Whore #2,Heidi Romanova,1,2016,2016,f,472
474,Tyrell Bannerman,Raül Tortosa,1,2016,2016,m,472
475,Lannister Guard,Adam Slynn,1,2017,2017,m,472
476,Winter Town Boy,Felix Jamieson,1,2019,2019,m,472
477,Lannister Soldier,Jack Morgan,1,2019,2019,m,472
478,Tomard,Phil Dixon,1,2011,2011,m,472
479,Stiv,Stephen Don,1,2011,2011,m,472
480,King's Landing Baker,Edward Mercieca,1,2011,2011,m,472
481,Goldcloak #1,Nikovich Sammut,1,2011,2011,m,472
482,Karstark Soldier #1,Neill Fleming,1,2012,2012,m,472
483,Lordsport Dockhand,Jer O'Leary,1,2012,2012,m,175
484,Bolton Soldier,Bryan Quinn,1,2013,2013,m,472
485,Leaf,Octavia Selena Alexandru,1,2014,2014,m,472
486,Vance Corbray,Richard Doubleday,1,2014,2014,m,85
487,Valyrian Slave,Robert Goodman,1,2014,2014,m,472
488,Axell Florent,James McHale,1,2014,2014,m,139
489,Innkeeper,Martin Walsh,1,2014,2014,m,472
490,Great Master #6,Hadi Kermani,1,2015,2015,m,472
491,Lannister Soldier,Brahm Gallagher,1,2016,2016,m,472
492,Khal Forzho,Tamer Hassan,1,2016,2016,m,474
493,Volantene Whore #3,Danielle Claire Jenner,1,2016,2016,f,472
494,Winter Town Woman,Syd Ralph,1,2019,2019,f,472
495,Goldcloak #2,Seamus Kelly,1,2011,2011,m,472
496,Night's Watchman,Marcus Lamb,1,2011,2011,m,472
497,Little Bird,Tristan Mercieca,1,2011,2011,m,472
498,Knight of House Lynderly,Paddy Rocks,1,2011,2011,m,472
499,Old Woman Prisoner,Gina Moxley,1,2012,2012,m,472
500,Mirelle,Elisa Lasowski,1,2013,2013,m,472
501,Sorcerer,Harold James McMullan,1,2013,2013,m,472
502,Unsullied,Karl Jackson,1,2014,2014,m,472
503,Lord Blackmont,Daniel Rabin,1,2014,2014,m,27
504,Great Master #7,Tonci Banov,1,2015,2015,m,472
505,Brothel Guard,Mishaël Lopes Cardozo,1,2015,2015,m,472
506,Faith Militant #1,Simon Norbury,1,2015,2015,m,472
507,Volantene Whore #4,Ella Hughes,1,2016,2016,m,472
508,The Waif's Disguise,Adam Turns,1,2016,2016,m,472
509,Stevron Frey,Colin Carnegie,1,2011,2011,m,148
510,Eon Hunter,Barrington Cullen,1,2011,2011,m,214
511,Gerald,Ken Fletcher,1,2012,2012,m,472
512,Boat Commander,Michael Power,1,2013,2013,m,472
513,Musician #1,Jon Thor Birgisson,1,2014,2014,m,472
514,Goatherd,Darren Kent,1,2014,2014,m,472
515,Kegs,Tim Landers,1,2014,2014,m,472
516,Derek,Ian Lloyd Anderson,1,2015,2015,m,472
517,Lollys Stokeworth,Elizabeth Cadwallader,1,2015,2015,f,378
518,Despondent Man,David Garlick,1,2015,2015,m,472
519,Faith Militant #2,Jack Olohan,1,2015,2015,m,472
520,Volantene Whore #5,Zoi Gorman,1,2016,2016,f,472
521,Winter Town Woman,Katie Tumelty,1,2019,2019,f,472
522,Ryger Rivers,Bryan McCaugherty,1,2011,2011,m,148
523,Night's Watch Deserter,Barry O'Connor,1,2011,2011,m,472
524,King's Landing Rioter #2,Marko Juraga,1,2012,2012,m,472
525,Colen of Greenpools,Darren Killeen,1,2012,2012,m,472
526,Wounded Lannister,Emmet O'Riabhaigh,1,2012,2012,m,236
527,Protestor,Edward Tudor-Pole,1,2012,2012,m,472
528,Margaery's Handmaiden,Aisling Jarrett-Gavin,1,2013,2013,f,412
529,Frey Soldier #1,Ciaran O'Grady,1,2013,2013,m,472
530,Riverlands Traveller,Joe Purcell,1,2013,2013,m,472
531,Musician #2,Orri P. Dyrason,1,2014,2014,m,472
532,Black Jack Bulwer,Cormac McDonagh,1,2014,2014,m,55
533,Ser Endrew Tarth,Dez McMahon,1,2014,2014,m,395
534,Craster's Wife #2,Aeryn Walker,1,2014,2014,f,472
535,Brant,Jonathan Byrne,1,2015,2015,m,472
536,Faceless Man,Cedric Henderson,1,2015,2015,m,472
537,Sellsword #1,Matt McArdle,1,2015,2015,m,472
538,Second Son,Slavko Sobin,1,2015,2015,m,472
539,Rickard Stark,Wayne Foskett,1,2016,2016,m,376
540,Ironborn Abusing a Volantene Whore,Billy King,1,2016,2016,m,472
541,Poisoned Frey,Paul Ward,1,2017,2017,m,148
542,King's Landing Urchin,Stephen Grech,1,2011,2011,m,472
543,Beric Dondarrion,David Michael Scott,1,2011,2011,m,107
544,Tortured Prisoner,Donal Gallery,1,2012,2012,m,472
545,Karstark Soldier #2,Duncan Lacroix,1,2012,2012,m,472
546,King's Landing Rioter #3,Rea Separovic,1,2012,2012,m,472
547,Orphan Kid,Max Barber,1,2013,2013,m,472
548,Karstark Lookout,Shaun Blaney,1,2013,2013,m,222
549,King's Landing Tailor,Joe Cassidy,1,2013,2013,m,472
550,Frey Soldier #2,Michael Liebmann,1,2013,2013,m,472
551,Musician #3,Georg Holm,1,2014,2014,m,472
552,Craster's Wife #3,Cheryl Lester,1,2014,2014,f,472
553,Farmer Hamlet,Finbar Lynch,1,2014,2014,m,472
554,Mully,Andy Moore,1,2014,2014,m,472
555,Tyrell Guard,Nikola Bace,1,2015,2015,m,472
556,Sellsword #2,Eddie Elks,1,2015,2015,m,472
557,Lannister Guard #1,Danny O'Connor,1,2015,2015,m,472
558,Lead Kingsguard,Paddy Wallace,1,2015,2015,m,472
559,Arthur Dayne,Luke Roberts,1,2016,2016,m,103
560,Frey Lord,Brendan Morrissey,1,2017,2017,m,472
561,Reginald Lannister,Patrick FitzSymons,1,2012,2012,m,236
562,Brothel Customer,Derek Reid,1,2012,2012,m,472
563,Violet,Stephanie Blacker,1,2013,2013,f,472
564,Fruit Vendor,Alex Mileman,1,2013,2013,m,472
565,Tyrell Servant,Will Rastall,1,2013,2013,m,412
566,Warlock,Lottie Steer,1,2013,2013,f,472
567,King Joffrey Baratheon Dwarf,Raymond Griffiths,1,2014,2014,m,17
568,Wight,Alice Hewkin,1,2014,2014,f,472
569,Little Bird,Samuel Paul Small,1,2014,2014,m,472
570,Clea,Gwyneth Keyworth,1,2015,2015,f,472
571,Brusco,Garry Mountaine,1,2015,2015,m,472
572,Foreign Merchant,Allon Sylvain,1,2015,2015,m,472
573,Gerold Hightower,Eddie Eyre,1,2016,2016,m,202
574,Lannister Captain,Richard Laing,1,2016,2016,m,236
575,Iggo,Deon Lee-Williams,1,2016,2016,m,472
576,Sick Maester,Eamonn Draper,1,2017,2017,m,472
577,Rickard Karstark,Steve Blount,1,2011,2011,m,222
578,Unsullied,Rhys Howells,1,2013,2013,m,472
579,nan,Jon Freeman,1,2014,2014,m,472
580,Whore #1,Kristen Gillespie,1,2014,2014,f,472
581,King Stannis Baratheon Dwarf,Maxwell Laird,1,2014,2014,m,472
582,Sailor,Dylan McDonough,1,2015,2015,m,472
583,Beggar Woman,Emina Muftic,1,2015,2015,f,472
584,Denys Mallister,J.J. Murphy,1,2015,2015,m,262
585,Young Cersei Lannister,Nell Williams,1,2015,2015,f,236
586,Khal Brozho,Elie Haddad,1,2016,2016,m,472
587,Jonos Bracken,Gerry O'Brien,1,2011,2011,m,41
588,Stark Messenger,Moe Dunford,1,2012,2012,m,376
589,Jaqen's Disguise,Patrick O'Kane,1,2012,2012,m,472
590,Desmond Crakehall,Maro Drobnic,1,2013,2013,m,472
591,Guymon,Jem Wall,1,2014,2014,m,472
592,King Renly Baratheon Dwarf,Dean Whatton,1,2014,2014,m,16
593,nan,Rob Brockman,1,2015,2015,m,472
594,Baratheon General,Nigel O'Neill,1,2015,2015,m,16
595,Melara Hetherspoon,Isabella Steinbarth,1,2015,2015,f,200
596,Braavosi Woman #1,Kate Anthony,1,2016,2016,f,472
597,Khal Rhalko,Andrei Claude,1,2016,2016,m,472
598,Young Lyanna Stark,Cordelia Hill,1,2016,2016,m,376
599,Knight of House Frey,Patrick Ryan,1,2011,2011,m,148
600,Lannister Messenger,Simon Stewart,1,2011,2011,m,236
601,Lannister Torturer,Mark Byatt,1,2012,2012,m,236
602,Northern Lord,Pat Mooney,1,2012,2012,m,472
603,Stark Soldier,Michael Shaeffer,1,2012,2012,m,376
604,Yunkai'i Slave #1,Marin Tudor,1,2013,2013,m,472
605,King Robb Stark Dwarf,George Appleby,1,2014,2014,m,376
606,Innkeeper's Daughter,Gabrielle Dempsey,1,2014,2014,f,472
607,Olly's Mother,Raewyn Lippert,1,2014,2014,f,472
608,Street Tough #1,Tom Fava,1,2015,2015,m,472
609,Septa Moelle,Maggie Hayes,1,2015,2015,f,472
610,White Rat,Marcos James,1,2015,2015,m,472
611,nan,Daniel Johnson,1,2015,2015,m,472
612,Anara,Ollie Kram,1,2015,2015,f,472
613,Citadel Maester,Frank Hvam,1,2016,2016,m,472
614,Khal Qorro,Darius Dar Khan,1,2016,2016,m,472
615,Braavosi Woman #2,Sally Mortemore,1,2016,2016,f,472
616,Serving Girl,Kate Dempsey,1,2017,2017,f,472
617,Addam Marbrand,B.J. Hogg,1,2011,2011,m,267
618,Vayon Poole,Matthew Scurfield,1,2011,2011,m,317
619,Yunkai'i Slave #2,Roxana Kadyrova,1,2013,2013,f,472
620,Bolton Soldier,Gary Lightbody,1,2013,2013,m,472
621,King Balon Greyjoy Dwarf,Krysten Coombs,1,2014,2014,m,472
622,Whore #2,Maria Sikavica,1,2014,2014,f,472
623,nan,Richard Fitzwell,1,2015,2015,m,472
624,Strong Sam Stone,Allan Gildea,1,2015,2015,m,472
625,Septa Scolera,Mary Jordan,1,2015,2015,f,472
626,Mallister Supporter,Derek Lord,1,2015,2015,m,262
627,Brea,Gemita Samarra,1,2015,2015,f,380
628,Masha Heddle,Susie Kelly,1,2011,2011,f,472
629,Stark Guard,Faolan Morgan,1,2011,2011,m,376
630,Night's Watch Messenger,Frank O'Sullivan,1,2011,2011,m,472
631,Septon,Terry Byrne,1,2012,2012,m,472
632,Qartheen Woman,Kristina Krepela,1,2012,2012,f,472
633,Craster's Wife,Michelle Costello,1,2013,2013,f,472
634,Yunkai'i Slave #3,Jamal Ouarraq,1,2013,2013,m,472
635,Eyrie Guard,Paul Kennedy,1,2015,2015,m,8
636,Whore,Irma Mali,1,2015,2015,f,472
637,Brothel Customer,Ben Yates,1,2015,2015,m,472
638,Night's Watchman #2,Ruairí Heading,1,2016,2016,m,472
639,Lannister Soldier,Ciaran McMahon,1,2012,2012,m,236
640,Yunkai'i Slave #4,El Hasani,1,2013,2013,m,472
641,Craster's Younger Wife,Lisa Walsh,1,2013,2013,f,472
642,Sparring Boy,Stephen Brown,1,2015,2015,m,472
643,Street Tough #2,Winston Davis,1,2015,2015,m,472
644,Aya,Aifric O'Donnell,1,2015,2015,f,472
645,Brothel Child #1,Ella Tweed,1,2015,2015,f,472
646,Bolton Officer,Andrew Bryan,1,2016,2016,m,37
647,Lannister Scout,Chris Gallagher,1,2011,2011,m,236
648,Rhaego,Wren Ros Elliot-Sloan,1,2012,2012,f,393
649,Yunkai'i Slave #5,Mustapha Mekanassi,1,2013,2013,m,472
650,Maester Helliweg,Joe Hewetson,1,2015,2015,m,472
651,Brothel Child #2,Isabelle Jones,1,2015,2015,f,472
652,Inn Waitress,Irene Kelleher,1,2015,2015,f,472
653,Lannister Guard #2,Fiach Kunz,1,2015,2015,m,236
654,Handmaid,Sabrina Bartlett,1,2016,2016,f,472
655,Bolton Soldier,Tristan Heanue,1,2016,2016,m,37
656,Ironborn #3,James Lecky,1,2016,2016,m,472
657,Stark Guard,Rick Burn,1,2011,2011,m,376
658,Genna,Kylie Harris,1,2013,2013,f,236
659,Son of the Harpy,Curtis-Lee Ashqar,1,2015,2015,m,472
660,Baratheon Soldier #1,David Fennelly,1,2015,2015,m,16
661,Lannister Guard #3,Michael Johnston,1,2015,2015,m,236
662,Meereenese Homeless Mother,Sabina Arthur,1,2016,2016,f,472
663,Tommen's Attendant,Dermot Ward,1,2016,2016,m,472
664,Red Keep Stableboy,Hugo Culverhouse,1,2011,2011,m,472
665,Night's Watchman,Patrick J Molloy,1,2014,2014,m,472
666,Dwarf Hunter #1,Jonathan Gunning,1,2015,2015,m,472
667,Maester Caleotte,Colin Azzopardi,1,2016,2016,m,269
668,Tommen's Manservant,Aron Hegarty,1,2016,2016,m,472
669,Chella,Natalia Lee,1,2012,2012,f,472
670,Gordy,Tristan McConnell,1,2015,2015,m,472
671,Dwarf Hunter #2,Alan McKee,1,2015,2015,m,472
672,Wyman Manderly,Sean Blowers,1,2016,2016,m,263
673,Lord Portan,Gordon Fulton,1,2012,2012,m,472
674,Farmer's Daughter,Trixiebell Harrowell,1,2014,2014,f,472
675,Simpson,Laurence O'Fuarain,1,2015,2015,m,472
676,Cley Cerwyn,Tom Varey,1,2016,2016,m,69
677,Tourney Herald,Marko Cindric,1,2012,2012,m,472
678,Tortured Slave,Mark Drake,1,2013,2013,m,472
679,Woodcutter,Ralph Clemente,1,2015,2015,m,472
680,Dothraki Man Having Sex,Oliver Stockwell,1,2016,2016,m,474
681,King's Landing Drunkard,Anthony John Crocker,1,2015,2015,m,472
682,Great Master #2,Derek Horsham,1,2014,2014,m,472
683,King's Landing Whore,Kirsty Nicholls,1,2015,2015,f,472
684,Meereen Slave,Joshua Sher,1,2014,2014,m,472
685,King's Landing Flasher #1,Munro Graham,1,2015,2015,m,472
686,King's Landing Flasher #2,Ben Kelly,1,2015,2015,m,472
687,Cersei Body Double,Rebecca Van Cleave,1,2015,2015,m,472
688,The Bear,Bart the Bear,1,2013,2013,m,472
689,Night's Watch Officer,Michael Stuart,19,2013,2019,m,472
690,Baratheon Soldier,Graeme Peacock,11,2012,2017,m,472
691,Baratheon Soldier,Mark Quigley,11,2014,2019,m,472
692,Stark Soldier,Andrew McClay,10,2015,2019,m,472
693,Night's Watch,Bobby Marno,10,2015,2017,m,472
694,Baratheon Soldier,James Bleakney,9,2013,2016,m,472
695,Ironborn,Logan Bruce,6,2013,2019,m,472
696,Brotherhood Member,Tyrone Kearns,6,2013,2016,m,472
697,Knight of the Vale,Micheal Fitzgerald,6,2016,2019,m,472
698,Unsullied,Stephen Presley,6,2019,2019,m,472
699,Unsullied,Andrew Watson,6,2019,2019,m,472
700,Northern Lord,Robert Brown,5,2015,2019,m,472
701,Knight,Frédéric André,4,2011,2016,m,472
702,Craster's Wife,Kristy Robinson,4,2012,2015,f,472
703,Wildling,Jessica Odell,4,2015,2016,f,473
704,Stark Archer,Patrick Kelly,4,2016,2019,m,472
705,King's Landing Nobleman,Frank Cannon,3,2015,2016,m,472
706,Dothraki woman,Mariola Sanz,3,2015,2016,f,474
707,Meereen Guard,Juan Carlos Martínez Antuña,3,2017,2017,m,472
708,Unsullied Soldier,Jaryd Headley,3,2019,2019,m,472
709,Wildling,Brian Kearns,3,2019,2019,m,473
710,Lord Galbart Glover,Mark Coney,2,2011,2011,m,155
711,Mikken,Boyd Rankin,2,2011,2011,m,472
712,Nobleman,Aaron Archer,2,2012,2016,m,472
713,Frey Wedding Guest,Darragh O'Connor,2,2013,2016,m,472
714,Frey Wedding Guest,Laurence Doherty,2,2013,2014,m,472
715,Night's Watch,Gerald McMullan,2,2014,2017,m,472
716,Dothraki Rider,Daniel Naprous,2,2014,2017,m,474
717,King's Landing Handmaiden,Niamh Lennon,2,2014,2014,f,472
718,Mole's Town Whore,Marion McDowell,2,2014,2014,m,472
719,Tyrell Cousin,Kylie Zimmer,2,2014,2014,f,412
720,Burning Lannister,Calvin Warrington-Heasman,2,2015,2017,m,472
721,Tully Soldier,Simon Millar,2,2015,2016,m,472
722,Wildling,Jessica Stevenson,2,2015,2015,f,473
723,Karstark Soldier,Peter Rooney,2,2016,2019,m,472
724,Bolton Infantry,Kevin-Barry Brown,2,2016,2016,m,472
725,Kingsland Taverner,Michael William Burns,2,2016,2016,m,472
726,Braavosi Theatre Server,Tamsin Greene Barker,2,2016,2016,m,472
727,Braavosi Theatre Sound Artist,Kiran Shah,2,2016,2016,m,472
728,Meereen Guard,Hugh Yeaman,2,2016,2016,m,472
729,Captured Wight,Michael Byrch,2,2017,2017,m,472
730,Lady of Winterfell,Canan Avsar,2,2019,2019,f,376
731,Dothraki Rider,Spencer Collings,2,2019,2019,m,474
732,Baratheon Guard,Phil Barnhill,1,2011,2011,m,472
733,Prostitute,Caroline Davis,1,2011,2011,f,472
734,Winterfell Beekeeper,Owen Dickey,1,2011,2011,m,472
735,Mago,Ivailo Dimitrov,1,2011,2011,m,472
736,Lady of Eyrie Landing (2011),Bernadette Dobbin,1,2011,2011,f,7
737,Peasant,Melissa Reid,1,2011,2011,f,472
738,Lannister Guard,James Tolcher,1,2011,2011,m,472
739,King's Guard,Robert Yates,1,2011,2011,m,472
740,Baratheon Archer,Robert Atkinson,1,2012,2012,m,472
741,Wight,Noel Cecil,1,2012,2012,m,472
742,Black Knight,Jonathan Cohen,1,2012,2012,m,472
743,Lannister Archer,Hugh Irvine,1,2012,2012,m,472
744,Weasel,Paul Kealyn,1,2012,2012,m,472
745,Selyse Baratheon,Sarah Mac Keever,1,2012,2012,f,17
746,Young Nobleman,Filip Lozic,1,2012,2012,m,472
747,Stark Guard,Paul Monahan,1,2012,2012,m,472
748,Craster's Daughter,Ginger A. Taylor,1,2012,2012,f,472
749,Riverrun Nobleman,Matt Butcher,1,2013,2013,m,472
750,Marianne Frey,Katie Creaven,1,2013,2013,m,148
751,Musician,Kevin McCann,1,2013,2013,m,472
752,Hoster Tully,Christopher Newman,1,2013,2013,m,410
753,Bathhouse Boy,Niall O'Donnell,1,2013,2013,m,472
754,Khaleesi Handmaiden #1,Rachel Puchkoff,1,2013,2013,f,474
755,Yunkai Citizen,Mustapha Rachidi,1,2013,2013,m,472
756,Dothraki,Omar Youssef,1,2013,2013,m,474
757,Noble Man,Neil Baltus,1,2014,2014,m,472
758,Waitress,Emma Bryant,1,2014,2014,f,472
759,Cooper,Joe Claflin,1,2014,2014,m,472
760,Dragonstone waiter,Bryan Cogman,1,2014,2014,m,472
761,Stannis Guard,Oisin De Lange,1,2014,2014,m,472
762,Wedding Guest,Paul Herbert,1,2014,2014,m,472
763,Inn Customer,Phelim Kelly,1,2014,2014,m,472
764,Frey Serving Boy,Mark Kelvin Ryan,1,2014,2014,m,472
765,Noble Lady,Stella Lutz,1,2014,2014,m,472
766,Night's Watch Archer,Neil Marshall,1,2014,2014,m,472
767,Donnel Hill,Jack Roth,1,2014,2014,m,472
768,Wedding Band,Sigur Rós,1,2014,2014,m,472
769,Wedding Guest,C.C. Smiff,1,2014,2014,m,472
770,Strong Fighter,Adam Basil,1,2015,2015,m,472
771,Fighter,Roman Beguns,1,2015,2015,m,472
772,Wildling,Brann Dailor,1,2015,2015,m,473
773,Fighter,Rob de Groot,1,2015,2015,m,472
774,Wildling Archer,Jenny Edgar,1,2015,2015,m,473
775,Wight,Cassie Friel,1,2015,2015,m,472
776,Wildling,Brent Hinds,1,2015,2015,m,473
777,Slave,Terence Hughes,1,2015,2015,m,472
778,Pit Fighter,Charles Jarman,1,2015,2015,m,472
779,Wilding Gladiator,Danko Jordanov,1,2015,2015,m,473
780,Wildling,Bill Kelliher,1,2015,2015,m,473
781,Night's Watch Recruit,Christopher Kinkead,1,2015,2015,m,473
782,Wildling Archer,Chelsea Mainwaring,1,2015,2015,f,473
783,Wight,Barrie Martin,1,2015,2015,m,473
784,Wildling,Elaine O'Dwyer,1,2015,2015,f,473
785,Wildling,Royd Tolkien,1,2015,2015,m,473
786,Passerby,Kerim Topcic,1,2015,2015,m,472
787,Unsullied Guard,Pablo Verdejo,1,2015,2015,m,472
788,Volantene Whore,Raquel Arraes,1,2016,2016,f,472
789,Child of the Forest #1,Kristina Baskett,1,2016,2016,f,472
790,Child of the Forest #2,Rachelle Beinart,1,2016,2016,f,472
791,Tavern Maid,Elynia Betts,1,2016,2016,f,472
792,Volantene Whore,Susan Christie,1,2016,2016,f,472
793,Frey Daughter,Milly Burke Cunningham,1,2016,2016,f,148
794,Quinn,Oryan Landa,1,2016,2016,m,472
795,That's Right' Man,Jose Mellinas,1,2016,2016,m,472
796,Child of the Forest #3,Casey Michaels,1,2016,2016,f,472
797,Volantene Whore,Sophia Smith,1,2016,2016,f,472
798,Healtor Troop,Gary Wales,1,2016,2016,m,472
799,Howland Reed,Leo Woodruff,1,2016,2016,m,331
800,Dothraki Rider,Charlie Barrett,1,2017,2017,m,474
801,Traveller,Dario Cannizzaro,1,2017,2017,m,472
802,Woman in King's Landing,Carolina Castellano,1,2017,2017,f,472
803,Wildling,Dan Euston,1,2017,2017,m,473
804,Lannister Guard,Christian Gimse,1,2017,2017,m,472
805,Lannister Soldier,Seán McGillicuddy,1,2017,2017,m,472
806,Night's Watch,Brendan McGivern,1,2017,2017,m,472
807,Tyrell Guard,Ross Moneypenny,1,2017,2017,m,472
808,Burning Lannister,Douglas Robson,1,2017,2017,m,236
809,Lannister Map Painter,Jim Stanes,1,2017,2017,m,472
810,Lannister Spearman,Noah Syndergaard,1,2017,2017,m,472
811,Unsullied,Louis Agbodo,1,2019,2019,m,472
812,King's Landing Citizen,Lorenzo Antonucci,1,2019,2019,m,472
813,Wildling #2,David Benioff,1,2019,2019,m,473
814,Lannister Archer,Brian Black,1,2019,2019,m,472
815,Alanna,Kim Chapman,1,2019,2019,f,472
816,Soldier,Sophie Ellis-Bextor,1,2019,2019,f,472
817,Ironborn #3,Dave Hill,1,2019,2019,m,472
818,Wight,Jack Hudson,1,2019,2019,m,472
819,Soldier,Richard Jones,1,2019,2019,m,472
820,Ironborn #1,Rob McElhenney,1,2019,2019,m,472
821,King's Landing Citizen,Patrick McGilligan,1,2019,2019,m,472
822,Stark Guard,Jesse Morris,1,2019,2019,m,472
823,Lannister Officer,Duncan Muggoch,1,2019,2019,m,472
824,Grieving Daughter,Michelle O'Flaherty,1,2019,2019,f,472
825,Lannister Guard,Adam Quigley-Nixon,1,2019,2019,m,472
826,King's Landing Citizen,Aaron Rodgers,1,2019,2019,m,472
827,Old Man,Derek Smith,1,2019,2019,m,472
828,Wildling Wight,Chris Stapleton,1,2019,2019,m,473
829,Ironborn #2,Martin Starr,1,2019,2019,m,472
830,Soldier,Vasco Temudo,1,2019,2019,m,472
831,Wildling #1,D.B. Weiss,1,2019,2019,m,473
832,Wight,Gareth Wright,1,2019,2019,m,472